RptDt,TckrSymb,ISIN,Asst,BalQty,TradAvrgPric,PricFctr,"BalVal"
RptDt,TckrSymb,ISIN,Asst,BalQty,TradAvrgPric,PricFctr,"BalVal"
2022-12-26,A1BB34,BRA1BBBDR009,A1BB,19,"39,14",1,"743,66"
2022-12-26,A1EG34,BRA1EGBDR002,A1EG,2,"25,45",1,"50,9"
2022-12-26,A1ES34,BRA1ESBDR007,A1ES,2,"148,91",1,"297,82"
2022-12-26,A1IV34,BRA1IVBDR002,A1IV,2,"38,03",1,"76,06"
2022-12-26,A1MD34,BRA1MDBDR002,A1MD,3099,"45,0640722",1,"139653,56"
2022-12-26,A1ME34,BRA1MEBDR000,A1ME,11,"30,21",1,"332,31"
2022-12-26,A1MP34,BRA1MPBDR006,A1MP,3,"400,66",1,"1201,98"
2022-12-26,A1RE34,BRA1REBDR009,A1RE,3763,"187,629782",1,"706050,87"
2022-12-26,A1UT34,BRA1UTBDR001,A1UT,189,"245,2549735",1,"46353,19"
2022-12-26,A1VB34,BRA1VBBDR007,A1VB,32,"222,1846875",1,"7109,91"
2022-12-26,A1ZN34,BRA1ZNBDR003,A1ZN,1,"62,13",1,"62,13"
2022-12-26,A2MR34,BRA2MRBDR000,A2MR,16,"10,34",1,"165,44"
2022-12-26,A2RW34,BRA2RWBDR009,A2RW,395,"37,97",1,"14998,15"
2022-12-26,A2SO34,BRA2SOBDR004,A2SO,1,"72,01",1,"72,01"
2022-12-26,AALL34,BRAALLBDR003,AALL,99,"64,26",1,"6361,74"
2022-12-26,AALR3,BRAALRACNOR6,AALR,2000472,"20,5311546",1,"41071999,97"
2022-12-26,AAPL34,BRAAPLBDR004,AAPL,1067175,"35,989284",1,"38406864,24"
2022-12-26,ABCB4,BRABCBACNPR4,ABCB,1362529,"19,1007431",1,"26025316,4"
2022-12-26,ABEV3,BRABEVACNOR1,ABEV,332964007,"15,229013",1,"5070713199,57"
2022-12-26,ABTT34,BRABTTBDR007,ABTT,15,"47,5726666",1,"713,59"
2022-12-26,ACWI11,BRACWICTF001,ACWI,585301,"9,2423529",1,"5409558,43"
2022-12-26,ADBE34,BRADBEBDR003,ADBE,752,"34,57",1,"25996,64"
2022-12-26,AERI3,BRAERIACNOR4,AERI,9625052,"1,167287",1,"11235198,11"
2022-12-26,AESB3,BRAESBACNOR7,AESB,26377366,"9,6266044",1,"253924469,83"
2022-12-26,AGRI11,BRAGRICTF002,AGRI,212,"45,5",1,"9646"
2022-12-26,AGRO3,BRAGROACNOR7,AGRO,3162174,"26,9940278",1,"85359813,18"
2022-12-26,AGXY3,BRAGXYACNOR4,AGXY,299252,"8,7547156",1,"2619866,18"
2022-12-26,AIRB34,BRAIRBBDR004,AIRB,197384,"24,7329006",1,"4881878,87"
2022-12-26,ALLD3,BRALLDACNOR3,ALLD,78295,"6,2444393",1,"488908,38"
2022-12-26,ALPA3,BRALPAACNOR0,ALPA,959,"12,2576538",1,"11755,09"
2022-12-26,ALPA4,BRALPAACNPR7,ALPA,13364496,"14,4984389",1,"193764329,14"
2022-12-26,ALPK3,BRALPKACNOR9,ALPK,84941,"1,67758",1,"142495,33"
2022-12-26,ALSO3,BRALSOACNOR5,ALSO,22128161,"16,6004369",1,"367337140,73"
2022-12-26,ALUG11,BRALUGCTF000,ALUG,69070,"34,3115391",1,"2369898,01"
2022-12-26,ALUP11,BRALUPCDAM15,ALUP,2248624,"26,3454963",1,"59241115,48"
2022-12-26,ALUP3,BRALUPACNOR8,ALUP,333,"9,363063",1,"3117,9"
2022-12-26,ALUP4,BRALUPACNPR5,ALUP,1938,"9,007807",1,"17457,13"
2022-12-26,ALZR11,BRALZRCTF006,ALZR,3404,"113,3491686",1,"385840,57"
2022-12-26,AMAR3,BRAMARACNOR4,AMAR,23201803,"1,328369",1,"30820557,29"
2022-12-26,AMBP3,BRAMBPACNOR6,AMBP,2123312,"21,51379",1,"45680488,49"
2022-12-26,AMER3,BRAMERACNOR6,AMER,65126117,"8,9193956",1,"580885604,84"
2022-12-26,AMZO34,BRAMZOBDR002,AMZO,1459230,"23,0556011",1,"33643424,92"
2022-12-26,ANIM3,BRANIMACNOR6,ANIM,8326154,"4,0909739",1,"34062079,07"
2022-12-26,APER3,BRAPERACNOR9,APER,103262,"26,8634839",1,"2773977,08"
2022-12-26,ARML3,BRARMLACNOR1,ARML,5179601,"11,4027461",1,"59061675,17"
2022-12-26,ARMT34,BRARMTBDR008,ARMT,22,"68,83",1,"1514,26"
2022-12-26,ARZZ3,BRARZZACNOR3,ARZZ,5005305,"81,0625206",1,"405742640,16"
2022-12-26,ASAI3,BRASAIACNOR0,ASAI,83982012,"19,4703026",1,"1635155187,2"
2022-12-26,ASIA11,BRASIACTF011,ASIA,14,"7,5492857",1,"105,69"
2022-12-26,ATMP3,BRATMPACNOR8,ATMP,3645,"1,1344965",1,"4135,24"
2022-12-26,ATOM3,BRATOMACNOR1,ATOM,806,"2,2379528",1,"1803,79"
2022-12-26,ATTB34,BRATTBBDR007,ATTB,300,"33,79",1,"10137"
2022-12-26,AURA33,BRAURABDR001,AURA,212837,"30,2658769",1,"6441698,46"
2022-12-26,AURE3,BRAUREACNOR9,AURE,12266985,"14,3353379",1,"175851376,14"
2022-12-26,AVGO34,BRAVGOBDR003,AVGO,1093,"39,6110978",1,"43294,93"
2022-12-26,AVLL3,BRAVLLACNOR5,AVLL,512,"6,7648046",1,"3463,58"
2022-12-26,AXPB34,BRAXPBBDR007,AXPB,3,"77,9833333",1,"233,95"
2022-12-26,AZEV3,BRAZEVACNOR0,AZEV,13647,"1,3401524",1,"18289,06"
2022-12-26,AZEV4,BRAZEVACNPR7,AZEV,866554,"1,3774385",1,"1193624,87"
2022-12-26,AZUL4,BRAZULACNPR4,AZUL,27752972,"11,2879269",1,"313273520,21"
2022-12-26,B1LL34,BRB1LLBDR006,B1LL,17,"126,2923529",1,"2146,97"
2022-12-26,B1NT34,BRB1NTBDR005,B1NT,6080,"55,8991776",1,"339867"
2022-12-26,B1SX34,BRB1SXBDR006,B1SX,6,"239,01",1,"1434,06"
2022-12-26,B2YN34,BRB2YNBDR003,B2YN,1205,"3,32",1,"4000,6"
2022-12-26,B3SA3,BRB3SAACNOR6,B3SA,185215265,"12,1572416",1,"2251706737,44"
2022-12-26,BAAX39,BRBAAXBDR009,BAAX,49809,"34,6052964",1,"1723655,21"
2022-12-26,BABA34,BRBABABDR005,BABA,589496,"16,5274253",1,"9742851,12"
2022-12-26,BACW39,BRBACWBDR007,BACW,44346,"45,7681463",1,"2029634,22"
2022-12-26,BALM4,BRBALMACNPR2,BALM,5,"9,7",1,"48,5"
2022-12-26,BARI11,BRBARICTF003,BARI,19,"93,5163157",1,"1776,81"
2022-12-26,BAUH4,BRBAUHACNPR3,BAUH,3,"79,88",1,"239,64"
2022-12-26,BAZA3,BRBAZAACNOR0,BAZA,54,"51,092037",1,"2758,97"
2022-12-26,BBAS3,BRBBASACNOR3,BBAS,62814456,"33,9048674",1,"2129715803,41"
2022-12-26,BBDC3,BRBBDCACNOR1,BBDC,48552073,"12,8620421",1,"624478807,01"
2022-12-26,BBDC4,BRBBDCACNPR8,BBDC,251140457,"14,4559478",1,"3630473345,33"
2022-12-26,BBOI11,BRBBOICTF008,BBOI,197,"9,47",1,"1865,59"
2022-12-26,BBOV11,BRBBOVCTF001,BBOV,18806,"55,2247952",1,"1038557,5"
2022-12-26,BBPO11,BRBBPOCTF003,BBPO,5382,"87,5355611",1,"471116,39"
2022-12-26,BBSD11,BRBBSDCTF000,BBSD,206,"89,5870873",1,"18454,94"
2022-12-26,BBSE3,BRBBSEACNOR5,BBSE,27222107,"31,9507052",1,"869765517,71"
2022-12-26,BBUG39,BRBBUGBDR000,BBUG,1,"37,48",1,"37,48"
2022-12-26,BCFF11,BRBCFFCTF000,BCFF,10604,"66,5233355",1,"705413,45"
2022-12-26,BCHI39,BRBCHIBDR001,BCHI,111208,"30,5713529",1,"3399779,02"
2022-12-26,BCHQ39,BRBCHQBDR004,BCHQ,4,"26,74",1,"106,96"
2022-12-26,BCLO39,BRBCLOBDR001,BCLO,1,"29,26",1,"29,26"
2022-12-26,BCPX39,BRBCPXBDR003,BCPX,2,"38,38",1,"76,76"
2022-12-26,BCRI11,BRBCRICTF009,BCRI,243,"96,5900411",1,"23471,38"
2022-12-26,BCSA34,BRBCSABDR005,BCSA,791,"15,2085967",1,"12030"
2022-12-26,BDIV11,BRBDIVCTF009,BDIV,2,"104,14",1,"208,28"
2022-12-26,BDOM11,BRBDOMCTF006,BDOM,93,"80,7266666",1,"7507,58"
2022-12-26,BDRI39,BRBDRIBDR008,BDRI,1,"40,16",1,"40,16"
2022-12-26,BDVD39,BRBDVDBDR001,BDVD,3,"51,4833333",1,"154,45"
2022-12-26,BDVY39,BRBDVYBDR007,BDVY,94,"62,6787234",1,"5891,8"
2022-12-26,BEEF3,BRBEEFACNOR6,BEEF,17143636,"12,4113468",1,"212775611,98"
2022-12-26,BEES3,BRBEESACNOR9,BEES,2088,"5,8565181",1,"12228,41"
2022-12-26,BEES4,BRBEESACNPR6,BEES,213,"6,2828638",1,"1338,25"
2022-12-26,BEFA39,BRBEFABDR008,BEFA,6,"43,46",1,"260,76"
2022-12-26,BERK34,BRBERKBDR002,BERK,493189,"80,3156046",1,"39610772,75"
2022-12-26,BEWG39,BRBEWGBDR000,BEWG,1305,"44,1352873",1,"57596,55"
2022-12-26,BEWJ39,BRBEWJBDR004,BEWJ,1347,"35,78",1,"48195,66"
2022-12-26,BEWU39,BRBEWUBDR001,BEWU,789,"55,3215589",1,"43648,71"
2022-12-26,BFCG39,BRBFCGBDR009,BFCG,1,"64,43",1,"64,43"
2022-12-26,BFNX39,BRBFNXBDR001,BFNX,2,"21,42",1,"42,84"
2022-12-26,BGIP4,BRBGIPACNPR8,BGIP,10,"17,731",1,"177,31"
2022-12-26,BIAU39,BRBIAUBDR008,BIAU,252,"44,2918253",1,"11161,54"
2022-12-26,BIEM39,BRBIEMBDR007,BIEM,14408,"40,4054025",1,"582161,04"
2022-12-26,BIEU39,BRBIEUBDR000,BIEU,2208,"42,5277581",1,"93901,29"
2022-12-26,BIGF39,BRBIGFBDR006,BIGF,7,"59,64",1,"417,48"
2022-12-26,BIJR39,BRBIJRBDR005,BIJR,59,"61,14",1,"3607,26"
2022-12-26,BIOM3,BRBIOMACNOR2,BIOM,7600,"6,1185526",1,"46501"
2022-12-26,BITH11,BRBITHCTF004,BITH,97669,"20,9918127",1,"2050249,36"
2022-12-26,BITO39,BRBITOBDR001,BITO,4735,"45,7192502",1,"216480,65"
2022-12-26,BIVB39,BRBIVBBDR004,BIVB,47341,"52,0432113",1,"2463777,67"
2022-12-26,BIWM39,BRBIWMBDR009,BIWM,2261,"48,8343874",1,"110414,55"
2022-12-26,BIYF39,BRBIYFBDR009,BIYF,95405,"26,7716943",1,"2554153,5"
2022-12-26,BIYW39,BRBIYWBDR004,BIYW,843,"11,8842467",1,"10018,42"
2022-12-26,BKNG34,BRBKNGBDR006,BKNG,594,"57,9116498",1,"34399,52"
2022-12-26,BLAK34,BRBLAKBDR003,BLAK,6585,"56,8586864",1,"374414,45"
2022-12-26,BLAU3,BRBLAUACNOR8,BLAU,727729,"26,4570471",1,"19253560,5"
2022-12-26,BLBT39,BRBLBTBDR002,BLBT,20,"40,83",1,"816,6"
2022-12-26,BLMG11,BRBLMGCTF005,BLMG,145,"72,33",1,"10487,85"
2022-12-26,BLPA39,BRBLPABDR002,BLPA,3,"52,9466666",1,"158,84"
2022-12-26,BLPX39,BRBLPXBDR004,BLPX,1,"53,23",1,"53,23"
2022-12-26,BLUT3,BRBLUTACNOR8,BLUT,25,"5,11",1,"127,75"
2022-12-26,BLUT4,BRBLUTACNPR5,BLUT,4045,"1,55",1,"6269,75"
2022-12-26,BMEB3,BRBMEBACNOR8,BMEB,32,"10,19",1,"326,08"
2022-12-26,BMEB4,BRBMEBACNPR5,BMEB,131,"9,9919847",1,"1308,95"
2022-12-26,BMGB4,BRBMGBACNPR0,BMGB,1161214,"2,1571321",1,"2504892,1"
2022-12-26,BMOB3,BRBMOBACNOR7,BMOB,826974,"14,2286258",1,"11766703,63"
2022-12-26,BNDA39,BRBNDABDR004,BNDA,7104,"56,9844777",1,"404817,73"
2022-12-26,BOAC34,BRBOACBDR004,BOAC,11500,"42,8910808",1,"493247,43"
2022-12-26,BOAS3,BRBOASACNOR6,BOAS,2369210,"5,1097174",1,"12105993,63"
2022-12-26,BOBR4,BRBOBRACNPR3,BOBR,3980,"1,2621959",1,"5023,54"
2022-12-26,BONY34,BRBONYBDR001,BONY,765,"241,3037385",1,"184597,36"
2022-12-26,BOTZ39,BRBOTZBDR005,BOTZ,1,"28,3",1,"28,3"
2022-12-26,BOVA11,BRBOVACTF003,BOVA,72333183,"103,8668433",1,"7513019387,39"
2022-12-26,BOVB11,BRBOVBCTF001,BOVB,498739,"109,7976566",1,"54760373,47"
2022-12-26,BOVS11,BRBOVSCTF005,BOVS,4,"83,025",1,"332,1"
2022-12-26,BOVV11,BRBOVVCTF009,BOVV,12895723,"108,6189681",1,"1400720125,57"
2022-12-26,BOVX11,BRBOVXCTF005,BOVX,3923905,"11,005647",1,"43185113,42"
2022-12-26,BOXP34,BRBOXPBDR008,BOXP,21,"34,995238",1,"734,9"
2022-12-26,BPAC11,BRBPACUNT006,BPAC,32146102,"23,3616146",1,"750984849,03"
2022-12-26,BPAC3,BRBPACACNOR7,BPAC,1562,"11,5548207",1,"18048,63"
2022-12-26,BPAC5,BRBPACACNPA0,BPAC,15903,"5,0868603",1,"80896,34"
2022-12-26,BPAN4,BRBPANACNPR1,BPAN,32173420,"6,4785198",1,"208436141,35"
2022-12-26,BQTC39,BRBQTCBDR009,BQTC,32,"39,3915625",1,"1260,53"
2022-12-26,BRAP3,BRBRAPACNOR5,BRAP,144619,"25,9402895",1,"3751458,74"
2022-12-26,BRAP4,BRBRAPACNPR2,BRAP,17895867,"29,0387722",1,"519674005,76"
2022-12-26,BRAX11,BRBRAXCTF002,BRAX,1027,"89,4647419",1,"91880,29"
2022-12-26,BRBI11,BRBRBICDAM10,BRBI,470592,"11,339063",1,"5336072,34"
2022-12-26,BRCO11,BRBRCOCTF007,BRCO,3748,"97,1295544",1,"364041,57"
2022-12-26,BRCR11,BRBRCRCTF000,BRCR,28067,"58,137197",1,"1631736,71"
2022-12-26,BRFS3,BRBRFSACNOR8,BRFS,45631512,"7,8528239",1,"358336228,09"
2022-12-26,BRIT3,BRBRITACNOR0,BRIT,1019606,"2,8110532",1,"2866166,78"
2022-12-26,BRIV3,BRBRIVACNOR6,BRIV,1502,"10,0609187",1,"15111,5"
2022-12-26,BRIV4,BRBRIVACNPR3,BRIV,16,"8,76",1,"140,16"
2022-12-26,BRKM3,BRBRKMACNOR1,BRKM,30893,"25,0899135",1,"775102,7"
2022-12-26,BRKM5,BRBRKMACNPA4,BRKM,15109778,"24,7557322",1,"374053618,23"
2022-12-26,BRML3,BRBRMLACNOR9,BRML,47401680,"8,1939368",1,"388406372,07"
2022-12-26,BRPR3,BRBRPRACNOR9,BRPR,10685311,"5,9536304",1,"63616392,77"
2022-12-26,BRSR3,BRBRSRACNOR3,BRSR,3390,"10,8986843",1,"36946,54"
2022-12-26,BRSR6,BRBRSRACNPB4,BRSR,7855850,"9,730559",1,"76441812,31"
2022-12-26,BSIL39,BRBSILBDR009,BSIL,3,"30,1666666",1,"90,5"
2022-12-26,BSLV39,BRBSLVBDR002,BSLV,3514,"38,15463",1,"134075,37"
2022-12-26,BSRE39,BRBSREBDR005,BSRE,7,"116,7471428",1,"817,23"
2022-12-26,BTCI11,BRBTCICTF005,BTCI,75,"77,0773333",1,"5780,8"
2022-12-26,BTLG11,BRBTLGCTF000,BTLG,13303,"97,7509133",1,"1300380,4"
2022-12-26,BURT39,BRBURTBDR009,BURT,73267,"39,5465613",1,"2897457,91"
2022-12-26,BXPO11,BRBXPOCTF007,BXPO,272,"102,1880514",1,"27795,15"
2022-12-26,BXTC39,BRBXTCBDR005,BXTC,2,"40,88",1,"81,76"
2022-12-26,C1BS34,BRC1BSBDR001,C1BS,1,"87,37",1,"87,37"
2022-12-26,C1CL34,BRC1CLBDR004,C1CL,2796,"48,1320922",1,"134577,33"
2022-12-26,C1NC34,BRC1NCBDR000,C1NC,4,"423,785",1,"1695,14"
2022-12-26,C1NS34,BRC1NSBDR006,C1NS,2,"264,42",1,"528,84"
2022-12-26,C1SU34,BRC1SUBDR001,C1SU,103,"7,96",1,"819,88"
2022-12-26,C2OI34,BRC2OIBDR003,C2OI,45,"7,4448888",1,"335,02"
2022-12-26,CAMB3,BRCAMBACNOR4,CAMB,657,"5,993592",1,"3937,79"
2022-12-26,CAML3,BRCAMLACNOR3,CAML,4104501,"8,9016994",1,"36537034,32"
2022-12-26,CASH3,BRCASHACNOR8,CASH,91116441,"1,2003831",1,"109374638,13"
2022-12-26,CATP34,BRCATPBDR003,CATP,4113,"76,7690104",1,"315750,94"
2022-12-26,CBAV3,BRCBAVACNOR5,CBAV,9476102,"11,1751776",1,"105897123,07"
2022-12-26,CCRO3,BRCCROACNOR2,CCRO,39050622,"10,9025577",1,"425751660,83"
2022-12-26,CEAB3,BRCEABACNOR1,CEAB,18708216,"2,2059203",1,"41268834,8"
2022-12-26,CEBR3,BRCEBRACNOR5,CEBR,55,"10,6303636",1,"584,67"
2022-12-26,CEBR5,BRCEBRACNPA8,CEBR,217,"10,5863133",1,"2297,23"
2022-12-26,CEBR6,BRCEBRACNPB6,CEBR,4662,"10,1396181",1,"47270,9"
2022-12-26,CEDO4,BRCEDOACNPR5,CEDO,54,"3,77",1,"203,58"
2022-12-26,CGAS3,BRCGASACNOR0,CGAS,1,132,1,"132"
2022-12-26,CGAS5,BRCGASACNPA3,CGAS,2009,"129,4145594",1,"259993,85"
2022-12-26,CGRA3,BRCGRAACNOR2,CGRA,859,"29,948277",1,"25725,57"
2022-12-26,CGRA4,BRCGRAACNPR9,CGRA,11821,"26,4003806",1,"312078,9"
2022-12-26,CHCM34,BRCHCMBDR001,CHCM,523,"34,51",1,"18048,73"
2022-12-26,CHVX34,BRCHVXBDR008,CHVX,28429,"94,5374329",1,"2687604,68"
2022-12-26,CIEL3,BRCIELACNOR3,CIEL,84789390,"4,7087514",1,"399252159,63"
2022-12-26,CLSA3,BRCLSAACNOR0,CLSA,2818877,"5,1039208",1,"14387325,1"
2022-12-26,CLSC4,BRCLSCACNPR3,CLSC,2595,"55,3171984",1,"143548,13"
2022-12-26,CMDB11,BRCMDBCTF001,CMDB,305,"11,1075409",1,"3387,8"
2022-12-26,CMIG3,BRCMIGACNOR6,CMIG,5972882,"17,036649",1,"101757894,19"
2022-12-26,CMIG4,BRCMIGACNPR3,CMIG,40170654,"10,9074401",1,"438159003,85"
2022-12-26,CMIN3,BRCMINACNOR2,CMIN,74564081,"3,851281",1,"287167234,76"
2022-12-26,COCA34,BRCOCABDR002,COCA,94040,"55,4797966",1,"5217320,08"
2022-12-26,COCE3,BRCOCEACNOR0,COCE,100,"57,24",1,"5724"
2022-12-26,COCE5,BRCOCEACNPA3,COCE,20945,"42,4558324",1,"889237,41"
2022-12-26,COGN3,BRCOGNACNOR2,COGN,158912506,"2,1047784",1,"334475617,65"
2022-12-26,COPH34,BRCOPHBDR009,COPH,22478,"52,4635559",1,"1179275,81"
2022-12-26,COWC34,BRCOWCBDR006,COWC,11591,"61,2420748",1,"709856,89"
2022-12-26,CPFE3,BRCPFEACNOR0,CPFE,8019236,"32,2488072",1,"258610795,85"
2022-12-26,CPFF11,BRCPFFCTF000,CPFF,122,"71,16",1,"8681,52"
2022-12-26,CPLE11,BRCPLECDAM13,CPLE,4332126,"37,8256168",1,"163865338,26"
2022-12-26,CPLE3,BRCPLEACNOR8,CPLE,1271234,"6,8266554",1,"8678276,49"
2022-12-26,CPLE6,BRCPLEACNPB9,CPLE,46111216,"7,736901",1,"356757917,75"
2022-12-26,CPTS11,BRCPTSCTF004,CPTS,146236,"83,2622055",1,"12175931,89"
2022-12-26,CRFB3,BRCRFBACNOR2,CRFB,38351517,"15,2296839",1,"584081483,71"
2022-12-26,CRIP34,BRCRIPBDR000,CRIP,1,"187,09",1,"187,09"
2022-12-26,CRIV3,BRCRIVACNOR4,CRIV,55,"4,9472727",1,"272,1"
2022-12-26,CRIV4,BRCRIVACNPR1,CRIV,83,"5,1985542",1,"431,48"
2022-12-26,CRPG5,BRCRPGACNPA3,CRPG,16053,"27,225769",1,"437055,27"
2022-12-26,CRPG6,BRCRPGACNPB1,CRPG,14,"27,6057142",1,"386,48"
2022-12-26,CRPT11,BRCRPTCTF006,CRPT,13,"4,9046153",1,"63,76"
2022-12-26,CSAN3,BRCSANACNOR6,CSAN,58217986,"16,6615081",1,"969999450,36"
2022-12-26,CSCO34,BRCSCOBDR004,CSCO,7506,"51,1272195",1,"383760,91"
2022-12-26,CSED3,BRCSEDACNOR9,CSED,1246000,"3,9043784",1,"4864855,54"
2022-12-26,CSMG3,BRCSMGACNOR5,CSMG,4303485,"15,4694859",1,"66572700,56"
2022-12-26,CSNA3,BRCSNAACNOR6,CSNA,40800279,"14,1374217",1,"576810751,1"
2022-12-26,CSUD3,BRCSUDACNOR5,CSUD,210913,"11,3089003",1,"2385194,09"
2022-12-26,CTGP34,BRCTGPBDR000,CTGP,10,"43,98",1,"439,8"
2022-12-26,CTKA4,BRCTKAACNPR7,CTKA,27,"9,0644444",1,"244,74"
2022-12-26,CTNM3,BRCTNMACNOR9,CTNM,253,"6,6164822",1,"1673,97"
2022-12-26,CTNM4,BRCTNMACNPR6,CTNM,1109,"1,8873669",1,"2093,09"
2022-12-26,CTSA3,BRCTSAACNOR3,CTSA,175,"2,8728571",1,"502,75"
2022-12-26,CTSA4,BRCTSAACNPR0,CTSA,901,"1,7872031",1,"1610,27"
2022-12-26,CURY3,BRCURYACNOR3,CURY,6690258,"11,2149864",1,"75031153,06"
2022-12-26,CVBI11,BRCVBICTF001,CVBI,1208,"87,4784519",1,"105673,97"
2022-12-26,CVCB3,BRCVCBACNOR1,CVCB,41557601,"4,484037",1,"186345822,94"
2022-12-26,CXSE3,BRCXSEACNOR7,CXSE,3835545,"7,9683716",1,"30563048,13"
2022-12-26,CYRE3,BRCYREACNOR7,CYRE,35562708,"13,0795941",1,"465145787,35"
2022-12-26,D1HI34,BRD1HIBDR008,D1HI,29,"446,545862",1,"12949,83"
2022-12-26,D1LR34,BRD1LRBDR001,D1LR,162,"139,5686419",1,"22610,12"
2022-12-26,D1OM34,BRD1OMBDR006,D1OM,7,"153,5757142",1,"1075,03"
2022-12-26,D1VN34,BRD1VNBDR009,D1VN,73,"324,049589",1,"23655,62"
2022-12-26,DASA3,BRDASAACNOR1,DASA,1509846,"13,4681866",1,"20334887,68"
2022-12-26,DEEC34,BRDEECBDR003,DEEC,181,"77,1297237",1,"13960,48"
2022-12-26,DEFI11,BRDEFICTF006,DEFI,49912,"17,4947621",1,"873198,57"
2022-12-26,DEOP34,BRDEOPBDR004,DEOP,55,"51,92",1,"2855,6"
2022-12-26,DESK3,BRDESKACNOR2,DESK,988981,"8,9390648",1,"8840565,25"
2022-12-26,DEVA11,BRDEVACTF000,DEVA,96871,"85,0610681",1,"8239950,73"
2022-12-26,DEXP3,BRDEXPACNOR1,DEXP,642929,"6,8277579",1,"4389763,59"
2022-12-26,DEXP4,BRDEXPACNPR8,DEXP,19,"5,92",1,"112,48"
2022-12-26,DIRR3,BRDIRRACNOR0,DIRR,7490225,"14,4540973",1,"108264441,61"
2022-12-26,DISB34,BRDISBBDR006,DISB,159023,"32,746832",1,"5207499,48"
2022-12-26,DIVO11,BRDIVOCTF002,DIVO,73105,"69,7598209",1,"5099791,71"
2022-12-26,DMMO3,BRDMMOACNOR0,DMMO,2581910,"1,8481472",1,"4771749,85"
2022-12-26,DMVF3,BRDMVFACNOR9,DMVF,812,"3,9280049",1,"3189,54"
2022-12-26,DNAI11,BRDNAICTF008,DNAI,2,"33,63",1,"67,26"
2022-12-26,DOTZ3,BRDOTZACNOR7,DOTZ,58879,"1,4118403",1,"83127,75"
2022-12-26,DTCY3,BRDTCYACNOR5,DTCY,182,"4,7647802",1,"867,19"
2022-12-26,DXCO3,BRDXCOACNOR8,DXCO,19665503,"6,9691151",1,"137051154,28"
2022-12-26,E1CO34,BRE1COBDR006,E1CO,115,"25,43",1,"2924,45"
2022-12-26,E1DU34,BRE1DUBDR001,E1DU,2,"12,62",1,"25,24"
2022-12-26,E1MR34,BRE1MRBDR008,E1MR,1,"474,31",1,"474,31"
2022-12-26,E1WL34,BRE1WLBDR000,E1WL,13,"95,9692307",1,"1247,6"
2022-12-26,E2TS34,BRE2TSBDR009,E2TS,9,"44,28",1,"398,52"
2022-12-26,EAIN34,BREAINBDR007,EAIN,80,"328,478",1,"26278,24"
2022-12-26,EALT3,BREALTACNOR4,EALT,50,"8,8946",1,"444,73"
2022-12-26,EALT4,BREALTACNPR1,EALT,3234,"6,8205071",1,"22057,52"
2022-12-26,EBAY34,BREBAYBDR009,EBAY,36,"103,63",1,"3730,68"
2022-12-26,ECOR3,BRECORACNOR8,ECOR,36222189,"4,2155436",1,"152696220,06"
2022-12-26,EGIE3,BREGIEACNOR9,EGIE,19196710,"38,6507458",1,"741967159,5"
2022-12-26,EKTR3,BREKTRACNOR0,EKTR,10,36,1,"360"
2022-12-26,ELAS11,BRELASCTF009,ELAS,3,"96,67",1,"290,01"
2022-12-26,ELCI34,BRELCIBDR007,ELCI,2233,"52,0765338",1,"116286,9"
2022-12-26,ELET3,BRELETACNOR6,ELET,44146090,"42,9005844",1,"1893893063,51"
2022-12-26,ELET6,BRELETACNPB7,ELET,11577904,"45,6496363",1,"528527106,93"
2022-12-26,ELMD3,BRELMDACNOR3,ELMD,631135,"10,045963",1,"6340358,88"
2022-12-26,EMAE4,BREMAEACNPR1,EMAE,309,"55,574466",1,"17172,51"
2022-12-26,EMBR3,BREMBRACNOR4,EMBR,22530615,"13,7360806",1,"309482345,43"
2022-12-26,ENAT3,BRENATACNOR0,ENAT,4118883,"12,9322903",1,"53266590,89"
2022-12-26,ENBR3,BRENBRACNOR2,ENBR,26682022,"20,5154286",1,"547393118,3"
2022-12-26,ENEV3,BRENEVACNOR8,ENEV,34713889,"11,7903418",1,"409288617,15"
2022-12-26,ENGI11,BRENGICDAM16,ENGI,9809596,"42,2932966",1,"414880153,63"
2022-12-26,ENGI3,BRENGIACNOR0,ENGI,301,"13,1460797",1,"3956,97"
2022-12-26,ENGI4,BRENGIACNPR7,ENGI,4697,"7,7089099",1,"36208,75"
2022-12-26,ENJU3,BRENJUACNOR9,ENJU,7839691,"0,9777576",1,"7665317,91"
2022-12-26,EPAR3,BREPARACNOR9,EPAR,244,"9,81",1,"2393,64"
2022-12-26,EQIX34,BREQIXBDR002,EQIX,194,"44,7806701",1,"8687,45"
2022-12-26,EQPA3,BREQPAACNOR1,EQPA,2243,"6,656353",1,"14930,2"
2022-12-26,EQTL3,BREQTLACNOR0,EQTL,28707670,"26,6188429",1,"764164960,29"
2022-12-26,ESGD11,BRESGDCTF003,ESGD,3181,"7,8488431",1,"24967,17"
2022-12-26,ESGE11,BRESGECTF001,ESGE,107475,"7,0868516",1,"761659,38"
2022-12-26,ESGU11,BRESGUCTF007,ESGU,177244,"7,7949614",1,"1381610,14"
2022-12-26,ESPA3,BRESPAACNOR7,ESPA,22725325,"1,2646284",1,"28739091,45"
2022-12-26,ESTR4,BRESTRACNPR0,ESTR,18,"39,99",1,"719,82"
2022-12-26,ETER3,BRETERACNOR3,ETER,3044239,"10,1119836",1,"30783294,87"
2022-12-26,ETHE11,BRETHECTF007,ETHE,77109,"18,5789603",1,"1432605,05"
2022-12-26,EUCA3,BREUCAACNOR1,EUCA,13,"10,74",1,"139,62"
2022-12-26,EUCA4,BREUCAACNPR8,EUCA,37156,"6,9007234",1,"256403,28"
2022-12-26,EURP11,BREURPCTF018,EURP,809799,"9,4898359",1,"7684859,67"
2022-12-26,EVEN3,BREVENACNOR8,EVEN,9446368,"5,1596585",1,"48740033,66"
2022-12-26,EXXO34,BREXXOBDR006,EXXO,78988,"72,8826164",1,"5756852,11"
2022-12-26,EZTC3,BREZTCACNOR0,EZTC,15969100,"14,2201109",1,"227082373,93"
2022-12-26,F1TN34,BRF1TNBDR001,F1TN,15,"137,1",1,"2056,5"
2022-12-26,F2IC34,BRF2ICBDR005,F2IC,565,"69,83",1,"39453,95"
2022-12-26,F2NV34,BRF2NVBDR005,F2NV,105084,"4,34",1,"456064,56"
2022-12-26,FCXO34,BRFCXOBDR007,FCXO,1052,"66,6773193",1,"70144,54"
2022-12-26,FESA3,BRFESAACNOR8,FESA,1400,"60,2578428",1,"84360,98"
2022-12-26,FESA4,BRFESAACNPR5,FESA,900112,"54,4511892",1,"49012168,83"
2022-12-26,FHER3,BRFHERACNOR5,FHER,560997,"17,2823784",1,"9695362,44"
2022-12-26,FIND11,BRFINDCTF007,FIND,150284,"91,2549002",1,"13714151,43"
2022-12-26,FIQE3,BRFIQEACNOR5,FIQE,839761,"3,7613775",1,"3158658,16"
2022-12-26,FLRY3,BRFLRYACNOR5,FLRY,29390692,"16,0963017",1,"473081447,71"
2022-12-26,FRAS3,BRFRASACNOR0,FRAS,109639,"10,2682218",1,"1125797,57"
2022-12-26,FRIO3,BRFRIOACNOR2,FRIO,5,31,1,"155"
2022-12-26,FRTA3,BRFRTAACNOR8,FRTA,10,"3,02",1,"30,2"
2022-12-26,FSLR34,BRFSLRBDR001,FSLR,20183,"432,1082946",1,"8721241,71"
2022-12-26,G1DS34,BRG1DSBDR003,G1DS,12,"10,0883333",1,"121,06"
2022-12-26,G1PC34,BRG1PCBDR001,G1PC,5,"464,83",1,"2324,15"
2022-12-26,G2DI33,BRG2DIBDR002,G2DI,34599,"2,6611193",1,"92072,07"
2022-12-26,GALG11,BRGALGCTF009,GALG,21378,"9,37521",1,"200423,24"
2022-12-26,GEOO34,BRGEOOBDR000,GEOO,3,"428,84",1,"1286,52"
2022-12-26,GETT11,BRGETTCDAM17,GETT,228166,"4,6780648",1,"1067375,34"
2022-12-26,GETT3,BRGETTACNOR4,GETT,1484,"2,290721",1,"3399,43"
2022-12-26,GETT4,BRGETTACNPR1,GETT,678,"2,3526548",1,"1595,1"
2022-12-26,GFSA3,BRGFSAACNOR3,GFSA,7730489,"6,4092361",1,"49546529,86"
2022-12-26,GGBR3,BRGGBRACNOR1,GGBR,186874,"24,6147372",1,"4599854,4"
2022-12-26,GGBR4,BRGGBRACNPR8,GGBR,72015018,"30,1868447",1,"2173906164,79"
2022-12-26,GGPS3,BRGGPSACNOR9,GGPS,4927506,"11,294439",1,"55653416,14"
2022-12-26,GGRC11,BRGGRCCTF002,GGRC,7427,"115,2911054",1,"856267,04"
2022-12-26,GILD34,BRGILDBDR000,GILD,4,"229,3",1,"917,2"
2022-12-26,GMAT3,BRGMATACNOR7,GMAT,18974961,"5,8299027",1,"110622176,67"
2022-12-26,GMCO34,BRGMCOBDR008,GMCO,250,"48,3928",1,"12098,2"
2022-12-26,GOAU3,BRGOAUACNOR1,GOAU,129267,"11,8639332",1,"1533615,06"
2022-12-26,GOAU4,BRGOAUACNPR8,GOAU,19741383,"13,3136221",1,"262829314,11"
2022-12-26,GOGL34,BRGOGLBDR001,GOGL,170329,"40,4383446",1,"6887822,8"
2022-12-26,GOGL35,BRGOGLBDR019,GOGL,11,"39,58",1,"435,38"
2022-12-26,GOLD11,BRGOLDCTF015,GOLD,4652445,"9,9902768",1,"46479213,5"
2022-12-26,GOLL4,BRGOLLACNPR4,GOLL,17175014,"7,3713913",1,"126603750,24"
2022-12-26,GOVE11,BRGOVECTF004,GOVE,88,"46,913409",1,"4128,38"
2022-12-26,GPIV33,BRGPIVBDR003,GPIV,24725,"2,755911",1,"68139,9"
2022-12-26,GRND3,BRGRNDACNOR3,GRND,12495264,"6,5892287",1,"82334152,54"
2022-12-26,GSHP3,BRGSHPACNOR7,GSHP,2336,24,1,"56064"
2022-12-26,GTWR11,BRGTWRCTF003,GTWR,366,"76,3338524",1,"27938,19"
2022-12-26,GUAR3,BRGUARACNOR4,GUAR,9272530,"7,0307529",1,"65192867,21"
2022-12-26,GURU11,BRGURUCTF005,GURU,2009,"8,6042956",1,"17286,03"
2022-12-26,H1CA34,BRH1CABDR002,H1CA,41,"62,58",1,"2565,78"
2022-12-26,H1ES34,BRH1ESBDR000,H1ES,2,389,1,"778"
2022-12-26,H1OG34,BRH1OGBDR004,H1OG,38,"247,8505263",1,"9418,32"
2022-12-26,HABT11,BRHABTCTF001,HABT,21942,"84,6279158",1,"1856905,73"
2022-12-26,HAGA4,BRHAGAACNPR4,HAGA,4309,"1,1732142",1,"5055,38"
2022-12-26,HAPV3,BRHAPVACNOR4,HAPV,176628465,"4,8928696",1,"864220050,09"
2022-12-26,HASH11,BRHASHCTF018,HASH,1746741,"15,7971128",1,"27593464,66"
2022-12-26,HBOR3,BRHBORACNOR3,HBOR,4539681,"2,142851",1,"9727860,36"
2022-12-26,HBRE3,BRHBREACNOR4,HBRE,22097,"4,5553016",1,"100658,5"
2022-12-26,HBSA3,BRHBSAACNOR0,HBSA,16215922,"2,4280098",1,"39372418,65"
2022-12-26,HCTR11,BRHCTRCTF003,HCTR,118002,"99,1320254",1,"11697777,27"
2022-12-26,HETA4,BRHETAACNPR9,HETA,40,"3,90075",1,"156,03"
2022-12-26,HFOF11,BRHFOFCTF002,HFOF,989,"69,9689989",1,"69199,34"
2022-12-26,HGBS11,BRHGBSCTF000,HGBS,23625,"197,0189782",1,"4654573,36"
2022-12-26,HGCR11,BRHGCRCTF000,HGCR,6256,"101,8076678",1,"636908,77"
2022-12-26,HGLG11,BRHGLGCTF004,HGLG,44065,"163,5440714",1,"7206569,51"
2022-12-26,HGRE11,BRHGRECTF006,HGRE,4525,"122,2448154",1,"553157,79"
2022-12-26,HGRU11,BRHGRUCTF002,HGRU,3886,"118,3924729",1,"460073,15"
2022-12-26,HOME34,BRHOMEBDR002,HOME,14526,"60,7033181",1,"881776,4"
2022-12-26,HPQB34,BRHPQBBDR006,HPQB,40,"137,74",1,"5509,6"
2022-12-26,HSML11,BRHSMLCTF007,HSML,10816,"81,3304114",1,"879669,73"
2022-12-26,HYPE3,BRHYPEACNOR0,HYPE,13104917,"43,4010755",1,"568767493,42"
2022-12-26,I1FO34,BRI1FOBDR005,I1FO,31,"51,13",1,"1585,03"
2022-12-26,I1LM34,BRI1LMBDR007,I1LM,19,"200,79",1,"3815,01"
2022-12-26,I1QV34,BRI1QVBDR007,I1QV,6,"276,04",1,"1656,24"
2022-12-26,I1VZ34,BRI1VZBDR008,I1VZ,25,"102,5",1,"2562,5"
2022-12-26,I2NV34,BRI2NVBDR002,I2NV,53,"33,5313207",1,"1777,16"
2022-12-26,IBOB11,BRIBOBCTF008,IBOB,391840,"84,3953749",1,"33069483,72"
2022-12-26,IFCM3,BRIFCMACNOR8,IFCM,4454124,"3,9999616",1,"17816325,06"
2022-12-26,IGBR3,BRIGBRACNOR7,IGBR,671,"30,5257675",1,"20482,79"
2022-12-26,IGTI11,BRIGTICDAM16,IGTI,11815785,"17,7376578",1,"209584351,66"
2022-12-26,IGTI3,BRIGTIACNOR8,IGTI,384079,"2,4377221",1,"936277,87"
2022-12-26,IGTI4,BRIGTIACNPR5,IGTI,11697,"8,0724596",1,"94423,56"
2022-12-26,INBR32,BRINBRBDR007,INBR,5399980,"11,0936753",1,"59905625,23"
2022-12-26,INEP3,BRINEPACNOR1,INEP,1534937,"1,1283977",1,"1732019,45"
2022-12-26,INEP4,BRINEPACNPR8,INEP,2110599,"1,1306019",1,"2386247,41"
2022-12-26,INTB3,BRINTBACNOR9,INTB,7736573,"29,8313153",1,"230792148,63"
2022-12-26,INTU34,BRINTUBDR003,INTU,13,"51,2261538",1,"665,94"
2022-12-26,IRBR3,BRIRBRACNOR4,IRBR,384219209,"0,7669518",1,"294677627,28"
2022-12-26,IRDM11,BRIRDMCTF004,IRDM,148650,"94,6990929",1,"14077020,17"
2022-12-26,ISUS11,BRISUSCTF003,ISUS,95,"30,9593684",1,"2941,14"
2022-12-26,ITLC34,BRITLCBDR005,ITLC,4113,"24,6283783",1,"101296,52"
2022-12-26,ITSA3,BRITSAACNOR0,ITSA,604167,"8,8880455",1,"5369863,84"
2022-12-26,ITSA4,BRITSAACNPR7,ITSA,184391035,"8,3286705",1,"1535732175,83"
2022-12-26,ITUB3,BRITUBACNOR4,ITUB,1064143,"21,5895845",1,"22974405,23"
2022-12-26,ITUB4,BRITUBACNPR1,ITUB,234029212,"24,8559379",1,"5817015565,27"
2022-12-26,IVVB11,BRIVVBCTF001,IVVB,1844120,"227,5144482",1,"419563944,3"
2022-12-26,JALL3,BRJALLACNOR0,JALL,1296094,"7,2663706",1,"9417899,43"
2022-12-26,JBSS3,BRJBSSACNOR8,JBSS,25980175,"21,2244523",1,"551414985,67"
2022-12-26,JFEN3,BRJFENACNOR0,JFEN,94721,"0,637897",1,"60422,25"
2022-12-26,JHSF3,BRJHSFACNOR2,JHSF,13822005,"5,1139382",1,"70684879,64"
2022-12-26,JNJB34,BRJNJBBDR002,JNJB,42485,"62,4437453",1,"2652922,52"
2022-12-26,JOGO11,BRJOGOCTF008,JOGO,10568,"58,1499933",1,"614529,13"
2022-12-26,JPMC34,BRJPMCBDR009,JPMC,13340,"71,3372736",1,"951639,23"
2022-12-26,JSLG3,BRJSLGACNOR2,JSLG,1759375,"5,7596542",1,"10133391,71"
2022-12-26,JSRE11,BRJSRECTF007,JSRE,8412,"70,291228",1,"591289,81"
2022-12-26,K1EL34,BRK1ELBDR000,K1EL,11,"189,5572727",1,"2085,13"
2022-12-26,K1EY34,BRK1EYBDR003,K1EY,10,"88,614",1,"886,14"
2022-12-26,K1IM34,BRK1IMBDR009,K1IM,30,"117,93",1,"3537,9"
2022-12-26,KEPL3,BRKEPLACNOR1,KEPL,749029,"20,3474793",1,"15240852,09"
2022-12-26,KHCB34,BRKHCBBDR007,KHCB,102,"51,7441176",1,"5277,9"
2022-12-26,KISU11,BRKISUCTF000,KISU,215,"7,9472093",1,"1708,65"
2022-12-26,KLBN11,BRKLBNCDAM18,KLBN,19654396,"20,4318262",1,"401575203,55"
2022-12-26,KLBN3,BRKLBNACNOR2,KLBN,331612,"3,9660352",1,"1315184,89"
2022-12-26,KLBN4,BRKLBNACNPR9,KLBN,1666340,"3,9801049",1,"6632208"
2022-12-26,KMIC34,BRKMICBDR002,KMIC,41,"100,14",1,"4105,74"
2022-12-26,KNCR11,BRKNCRCTF000,KNCR,153849,"99,3804218",1,"15289578,52"
2022-12-26,KNHY11,BRKNHYCTF005,KNHY,17,"97,46",1,"1656,82"
2022-12-26,KNIP11,BRKNIPCTF001,KNIP,192081,"91,0988236",1,"17498353,14"
2022-12-26,KNRI11,BRKNRICTF007,KNRI,2933,"138,8644527",1,"407289,44"
2022-12-26,KNSC11,BRKNSCCTF008,KNSC,3776,"85,0126112",1,"321007,62"
2022-12-26,KRSA3,BRKRSAACNOR0,KRSA,277584,"1,2167227",1,"337742,76"
2022-12-26,L1EG34,BRL1EGBDR009,L1EG,1,"170,46",1,"170,46"
2022-12-26,L1EN34,BRL1ENBDR005,L1EN,13,"470,8461538",1,"6121"
2022-12-26,L1MN34,BRL1MNBDR008,L1MN,27,"28,6",1,"772,2"
2022-12-26,L1UL34,BRL1ULBDR005,L1UL,53,"484,21",1,"25663,13"
2022-12-26,LAND3,BRLANDACNOR9,LAND,215628,"28,8897918",1,"6229448,03"
2022-12-26,LAVV3,BRLAVVACNOR4,LAVV,858557,"4,8275257",1,"4144705,99"
2022-12-26,LBRD34,BRLBRDBDR002,LBRD,24,"38,48",1,"923,52"
2022-12-26,LEVE3,BRLEVEACNOR2,LEVE,1678456,"28,6768055",1,"48132756,39"
2022-12-26,LIGT3,BRLIGTACNOR2,LIGT,9053328,"5,05498",1,"45764392,65"
2022-12-26,LILY34,BRLILYBDR006,LILY,59,"63,12",1,"3724,08"
2022-12-26,LJQQ3,BRLJQQACNOR5,LJQQ,9440142,"4,426877",1,"41790348,16"
2022-12-26,LLIS3,BRLLISACNOR4,LLIS,2875050,"1,5936776",1,"4581902,9"
2022-12-26,LMTB34,BRLMTBBDR009,LMTB,62,"2530,1195161",1,"156867,41"
2022-12-26,LOGG3,BRLOGGACNOR7,LOGG,2382657,"16,7269849",1,"39854667,81"
2022-12-26,LOGN3,BRLOGNACNOR3,LOGN,712467,"30,4430676",1,"21689681,09"
2022-12-26,LPSB3,BRLPSBACNOR0,LPSB,1235923,"1,9196518",1,"2372541,91"
2022-12-26,LREN3,BRLRENACNOR1,LREN,45602267,"21,0466746",1,"959776075,49"
2022-12-26,LUPA3,BRLUPAACNOR8,LUPA,2387667,"3,6138635",1,"8628702,7"
2022-12-26,LVBI11,BRLVBICTF002,LVBI,1360,"98,9286029",1,"134542,9"
2022-12-26,LVTC3,BRLVTCACNOR4,LVTC,774584,"5,4634185",1,"4231876,59"
2022-12-26,LWSA3,BRLWSAACNOR8,LWSA,32038636,"7,515404",1,"240783295,08"
2022-12-26,M1CH34,BRM1CHBDR000,M1CH,5,"183,24",1,"916,2"
2022-12-26,M1LC34,BRM1LCBDR002,M1LC,56,"30,3973214",1,"1702,25"
2022-12-26,M1MC34,BRM1MCBDR000,M1MC,18,"448,4477777",1,"8072,06"
2022-12-26,M1RN34,BRM1RNBDR006,M1RN,173266,"51,2930136",1,"8887335,3"
2022-12-26,M1SC34,BRM1SCBDR007,M1SC,454,"59,43",1,"26981,22"
2022-12-26,M1TA34,BRM1TABDR009,M1TA,229412,"25,6006282",1,"5873091,33"
2022-12-26,MALL11,BRMALLCTF007,MALL,9669,"102,5728948",1,"991777,32"
2022-12-26,MATB11,BRMATBCTF001,MATB,10427,"58,2668092",1,"607548,02"
2022-12-26,MATD3,BRMATDACNOR4,MATD,6173323,"6,8215932",1,"42111898,74"
2022-12-26,MBLY3,BRMBLYACNOR5,MBLY,5864992,"2,7520388",1,"16140686,13"
2022-12-26,MCCI11,BRMCCICTF008,MCCI,1100,"91,364409",1,"100500,85"
2022-12-26,MCDC34,BRMCDCBDR000,MCDC,2235,"70,663029",1,"157931,87"
2022-12-26,MCHF11,BRMCHFCTF003,MCHF,1,"8,38",1,"8,38"
2022-12-26,MDIA3,BRMDIAACNOR7,MDIA,12104032,"38,4626888",1,"465553616,65"
2022-12-26,MDNE3,BRMDNEACNOR9,MDNE,217627,"5,6098555",1,"1220856,04"
2022-12-26,MDTC34,BRMDTCBDR004,MDTC,10,"200,72",1,"2007,2"
2022-12-26,MEAL3,BRMEALACNOR9,MEAL,3701913,"2,4373016",1,"9022678,8"
2022-12-26,MEGA3,BRMEGAACNOR9,MEGA,11779541,"9,5962546",1,"113039475,35"
2022-12-26,MELI34,BRMELIBDR006,MELI,1292984,"39,1482339",1,"50618040,18"
2022-12-26,MELK3,BRMELKACNOR8,MELK,763417,"3,2120438",1,"2452128,91"
2022-12-26,MGEL4,BRMGELACNPR3,MGEL,34,"13,1823529",1,"448,2"
2022-12-26,MGFF11,BRMGFFCTF008,MGFF,7125,"56,331708",1,"401363,42"
2022-12-26,MGLU3,BRMGLUACNOR2,MGLU,284184243,"2,827853",1,"803631267,48"
2022-12-26,MILS3,BRMILSACNOR2,MILS,2337353,"10,3033629",1,"24082596,21"
2022-12-26,MLAS3,BRMLASACNOR9,MLAS,20855294,"3,4855251",1,"72691652,53"
2022-12-26,MMMC34,BRMMMCBDR000,MMMC,359,"155,1239832",1,"55689,51"
2022-12-26,MNPR3,BRMNPRACNOR5,MNPR,502,"6,1262151",1,"3075,36"
2022-12-26,MOAR3,BRMOARACNOR5,MOAR,3300,"460,1430303",1,"1518472"
2022-12-26,MODL3,BRMODLACNOR2,MODL,2674450,"2,2650856",1,"6057858,38"
2022-12-26,MOVI3,BRMOVIACNOR0,MOVI,20731536,"7,6556454",1,"158713289,32"
2022-12-26,MRCK34,BRMRCKBDR003,MRCK,18,"71,2283333",1,"1282,11"
2022-12-26,MRFG3,BRMRFGACNOR0,MRFG,61741742,"7,9258579",1,"489356279,18"
2022-12-26,MRVE3,BRMRVEACNOR2,MRVE,51594379,"7,8616067",1,"405614718"
2022-12-26,MSCD34,BRMSCDBDR006,MSCD,10036,"59,2232801",1,"594364,84"
2022-12-26,MSFT34,BRMSFTBDR005,MSFT,200475,"53,0862846",1,"10642472,92"
2022-12-26,MTRE3,BRMTREACNOR6,MTRE,1347566,"3,7468426",1,"5049117,79"
2022-12-26,MTSA4,BRMTSAACNPR9,MTSA,139,"42,4687769",1,"5903,16"
2022-12-26,MULT3,BRMULTACNOR5,MULT,29596858,"21,6957743",1,"642126752,09"
2022-12-26,MUTC34,BRMUTCBDR008,MUTC,42,"49,97",1,"2098,74"
2022-12-26,MWET4,BRMWETACNPR3,MWET,403,"9,8963275",1,"3988,22"
2022-12-26,MXRF11,BRMXRFCTF008,MXRF,1358635,"10,036493",1,"13635930,75"
2022-12-26,MYPK3,BRMYPKACNOR7,MYPK,6191880,"12,8107538",1,"79322650,67"
2022-12-26,N1CL34,BRN1CLBDR001,N1CL,369,"66,94",1,"24700,86"
2022-12-26,N1RG34,BRN1RGBDR009,N1RG,2,"169,5",1,"339"
2022-12-26,NASD11,BRNASDCTF007,NASD,3163984,"8,3500028",1,"26419275,33"
2022-12-26,NEOE3,BRNEOEACNOR3,NEOE,4373592,"14,9044422",1,"65185949,41"
2022-12-26,NEXP3,BRNEXPACNOR0,NEXP,3670052,"0,3234822",1,"1187196,52"
2022-12-26,NEXT34,BRNEXTBDR006,NEXT,294,"111,3305782",1,"32731,19"
2022-12-26,NFLX34,BRNFLXBDR000,NFLX,192086,"31,0966877",1,"5973238,36"
2022-12-26,NGRD3,BRNGRDACNOR3,NGRD,4445205,"1,4826633",1,"6590742,49"
2022-12-26,NIKE34,BRNIKEBDR006,NIKE,6672,"57,5159097",1,"383746,15"
2022-12-26,NINJ3,BRNINJACNOR5,NINJ,563447,"2,79852",1,"1576817,71"
2022-12-26,NMRH34,BRNMRHBDR006,NMRH,4,"19,56",1,"78,24"
2022-12-26,NOKI34,BRNOKIBDR005,NOKI,50,"25,268",1,"1263,4"
2022-12-26,NORD3,BRNORDACNOR7,NORD,4,"5,83",1,"23,32"
2022-12-26,NTCO3,BRNTCOACNOR5,NTCO,59566135,"11,3187806",1,"674216014,18"
2022-12-26,NUBR33,BRNUBRBDR002,NUBR,10083777,"3,6170913",1,"36473943,05"
2022-12-26,NVDC34,BRNVDCBDR008,NVDC,1011184,"17,3394205",1,"17533344,67"
2022-12-26,O1KE34,BRO1KEBDR008,O1KE,48,"171,256875",1,"8220,33"
2022-12-26,O1MC34,BRO1MCBDR008,O1MC,4,"208,6",1,"834,4"
2022-12-26,O1TI34,BRO1TIBDR000,O1TI,12,"40,7725",1,"489,27"
2022-12-26,ODPV3,BRODPVACNOR4,ODPV,9864252,"8,5255171",1,"84097849,16"
2022-12-26,OFSA3,BROFSAACNOR7,OFSA,5265,"23,8787369",1,"125721,55"
2022-12-26,OIBR3,BROIBRACNOR1,OIBR,824073712,"0,1872737",1,"154327333,67"
2022-12-26,OIBR4,BROIBRACNPR8,OIBR,13899388,"0,520272",1,"7231462,52"
2022-12-26,ONCO3,BRONCOACNOR6,ONCO,5434237,"6,5999986",1,"35865956,62"
2022-12-26,OPCT3,BROPCTACNOR0,OPCT,2194524,"2,7014133",1,"5928316,52"
2022-12-26,ORCL34,BRORCLBDR007,ORCL,708,"71,1542796",1,"50377,23"
2022-12-26,ORVR3,BRORVRACNOR0,ORVR,1228519,"34,7983826",1,"42750474,29"
2022-12-26,OSXB3,BROSXBACNOR8,OSXB,38,"6,81",1,"258,78"
2022-12-26,OXYP34,BROXYPBDR000,OXYP,1727,"55,3345396",1,"95562,75"
2022-12-26,P1DT34,BRP1DTBDR000,P1DT,10,"258,84",1,"2588,4"
2022-12-26,P1IO34,BRP1IOBDR000,P1IO,23,"299,1060869",1,"6879,44"
2022-12-26,P1LD34,BRP1LDBDR007,P1LD,1055,"50,2818862",1,"53047,39"
2022-12-26,P2AN34,BRP2ANBDR007,P2AN,3055,"14,2235286",1,"43452,88"
2022-12-26,P2EN34,BRP2ENBDR009,P2EN,23,"15,6",1,"358,8"
2022-12-26,P2LT34,BRP2LTBDR001,P2LT,251,"13,2711952",1,"3331,07"
2022-12-26,PAGS34,BRPAGSBDR006,PAGS,43197,"9,5920093",1,"414346,03"
2022-12-26,PARD3,BRPARDACNOR1,PARD,1488114,"21,6293858",1,"32186991,86"
2022-12-26,PATC11,BRPATCCTF002,PATC,73,"67,46",1,"4924,58"
2022-12-26,PATL11,BRPATLCTF003,PATL,307,"71,4903908",1,"21947,55"
2022-12-26,PCAR3,BRPCARACNOR3,PCAR,9476082,"18,1708955",1,"172188895,85"
2022-12-26,PDGR3,BRPDGRACNOR8,PDGR,3472443,"0,1404877",1,"487835,72"
2022-12-26,PDTC3,BRPDTCACNOR3,PDTC,45237,"3,1309958",1,"141636,86"
2022-12-26,PEAB4,BRPEABACNPR0,PEAB,1,"73,01",1,"73,01"
2022-12-26,PEPB34,BRPEPBBDR005,PEPB,125,"62,56",1,"7820"
2022-12-26,PETR3,BRPETRACNOR9,PETR,146510199,"27,0810841",1,"3967655027,06"
2022-12-26,PETR4,BRPETRACNPR6,PETR,272372617,"23,7292342",1,"6463193640,72"
2022-12-26,PETZ3,BRPETZACNOR2,PETZ,59536874,"6,6099134",1,"393533587,02"
2022-12-26,PFIZ34,BRPFIZBDR006,PFIZ,11794,"68,4428785",1,"807215,31"
2022-12-26,PFRM3,BRPFRMACNOR1,PFRM,457298,"3,3138868",1,"1515433,81"
2022-12-26,PGCO34,BRPGCOBDR001,PGCO,10841,"56,3814509",1,"611231,31"
2022-12-26,PGMN3,BRPGMNACNOR8,PGMN,2058836,"4,1152389",1,"8472602,06"
2022-12-26,PHGN34,BRPHGNBDR002,PHGN,19,"76,9657894",1,"1462,35"
2022-12-26,PIBB11,BRPIBBCTF005,PIBB,28120,"188,739112",1,"5307343,83"
2022-12-26,PINE4,BRPINEACNPR8,PINE,665949,"1,590903",1,"1059460,3"
2022-12-26,PLAS3,BRPLASACNOR2,PLAS,44,"11,5736363",1,"509,24"
2022-12-26,PLPL3,BRPLPLACNOR5,PLPL,1177316,"3,6384104",1,"4283558,81"
2022-12-26,PMAM3,BRPMAMACNOR3,PMAM,939109,"4,6052653",1,"4324846,18"
2022-12-26,PNVL3,BRPNVLACNOR9,PNVL,1205963,"11,2351686",1,"13549197,66"
2022-12-26,POMO3,BRPOMOACNOR0,POMO,204377,"2,0820725",1,"425527,75"
2022-12-26,POMO4,BRPOMOACNPR7,POMO,8584290,"2,4394558",1,"20940996,86"
2022-12-26,PORT3,BRPORTACNOR8,PORT,375202,"10,4057929",1,"3904274,34"
2022-12-26,POSI3,BRPOSIACNOR9,POSI,4099890,"8,2183565",1,"33694358,01"
2022-12-26,PPLA11,BRPPLAUNT007,PPLA,6,"4,6483333",1,"27,89"
2022-12-26,PRIO3,BRPRIOACNOR1,PRIO,34513429,"30,4061272",1,"1049419713,87"
2022-12-26,PRNR3,BRPRNRACNOR4,PRNR,110847,"6,598997",1,"731479,03"
2022-12-26,PSSA3,BRPSSAACNOR7,PSSA,5420415,"22,0826741",1,"119697258,33"
2022-12-26,PTBL3,BRPTBLACNOR8,PTBL,881064,"8,0055822",1,"7053430,36"
2022-12-26,PTNT3,BRPTNTACNOR6,PTNT,40,"10,387",1,"415,48"
2022-12-26,PTNT4,BRPTNTACNPR3,PTNT,50,"6,1354",1,"306,77"
2022-12-26,PVBI11,BRPVBICTF003,PVBI,6077,"90,7689007",1,"551602,61"
2022-12-26,PYPL34,BRPYPLBDR002,PYPL,26359,"18,4068143",1,"485185,22"
2022-12-26,QAGR11,BRQAGRCTF005,QAGR,33,"43,6966666",1,"1441,99"
2022-12-26,QBTC11,BRQBTCCTF008,QBTC,109236,"5,3274066",1,"581944,59"
2022-12-26,QCOM34,BRQCOMBDR007,QCOM,422,"50,9221327",1,"21489,14"
2022-12-26,QDFI11,BRQDFICTF000,QDFI,3,"3,0566666",1,"9,17"
2022-12-26,QETH11,BRQETHCTF001,QETH,24664,"4,2701613",1,"105319,26"
2022-12-26,QUAL3,BRQUALACNOR6,QUAL,20504791,"5,5994963",1,"114816502,02"
2022-12-26,R1IN34,BRR1INBDR000,R1IN,626,"165,6767731",1,"103713,66"
2022-12-26,R2BL34,BRR2BLBDR007,R2BL,29272,"15,1522598",1,"443536,95"
2022-12-26,RADL3,BRRADLACNOR0,RADL,61932679,"23,1758346",1,"1435341528,14"
2022-12-26,RAIL3,BRRAILACNOR9,RAIL,32473586,"18,3941289",1,"597323329,38"
2022-12-26,RAIZ4,BRRAIZACNPR6,RAIZ,54897053,"3,5428218",1,"194490477,69"
2022-12-26,RANI3,BRRANIACNOR5,RANI,1084038,"8,5415844",1,"9259402,09"
2022-12-26,RAPT3,BRRAPTACNOR7,RAPT,5264,"8,1425113",1,"42862,18"
2022-12-26,RAPT4,BRRAPTACNPR4,RAPT,7635546,"8,764909",1,"66924865,91"
2022-12-26,RBRF11,BRRBRFCTF003,RBRF,3862,"69,4280372",1,"268131,08"
2022-12-26,RBRP11,BRRBRPCTF002,RBRP,1435,"50,5109895",1,"72483,27"
2022-12-26,RBRR11,BRRBRRCTF008,RBRR,5404,"84,3414119",1,"455780,99"
2022-12-26,RCSL3,BRRCSLACNOR4,RCSL,37849,"1,9269906",1,"72934,67"
2022-12-26,RCSL4,BRRCSLACNPR1,RCSL,98940,"0,6643535",1,"65731,14"
2022-12-26,RDNI3,BRRDNIACNOR9,RDNI,840,"6,4179404",1,"5391,07"
2022-12-26,RDOR3,BRRDORACNOR8,RDOR,55027558,"27,3655915",1,"1505861677,35"
2022-12-26,RECR11,BRRECRCTF004,RECR,94233,"85,9711008",1,"8101314,75"
2022-12-26,RECT11,BRRECTCTF000,RECT,3840,"54,4483229",1,"209081,56"
2022-12-26,RECV3,BRRECVACNOR3,RECV,5518277,"28,6817512",1,"158273848,37"
2022-12-26,REDE3,BRREDEACNOR7,REDE,102,"5,7341176",1,"584,88"
2022-12-26,RENT3,BRRENTACNOR4,RENT,44911541,"53,4005604",1,"2398301461,01"
2022-12-26,RIGG34,BRRIGGBDR000,RIGG,19352,"20,9205296",1,"404854,09"
2022-12-26,RIOT34,BRRIOTBDR007,RIOT,7,"360,7",1,"2524,9"
2022-12-26,RNEW11,BRRNEWCDAM15,RNEW,29048,"5,8982573",1,"171332,58"
2022-12-26,RNEW3,BRRNEWACNOR8,RNEW,847,"1,8866233",1,"1597,97"
2022-12-26,RNEW4,BRRNEWACNPR5,RNEW,93105,"1,9683513",1,"183263,35"
2022-12-26,ROMI3,BRROMIACNOR8,ROMI,918531,"14,2697539",1,"13107211,36"
2022-12-26,ROST34,BRROSTBDR006,ROST,48,"308,68",1,"14816,64"
2022-12-26,RPAD3,BRRPADACNOR1,RPAD,27,"7,03",1,"189,81"
2022-12-26,RPAD5,BRRPADACNPA4,RPAD,5,7,1,"35"
2022-12-26,RPAD6,BRRPADACNPB2,RPAD,18,"6,25",1,"112,5"
2022-12-26,RPMG3,BRRPMGACNOR9,RPMG,23086,"1,6509174",1,"38113,08"
2022-12-26,RRRP3,BRRRRPACNOR5,RRRP,24595233,"33,8619434",1,"832842390,21"
2022-12-26,RSID3,BRRSIDACNOR8,RSID,231612,"2,4334565",1,"563617,75"
2022-12-26,RZAK11,BRRZAKCTF008,RZAK,142469,"99,0014432",1,"14104636,62"
2022-12-26,RZTR11,BRRZTRCTF003,RZTR,73,"96,9145205",1,"7074,76"
2022-12-26,S1OU34,BRS1OUBDR002,S1OU,4,"194,205",1,"776,82"
2022-12-26,S1PO34,BRS1POBDR002,S1PO,9795,"102,3741776",1,"1002755,07"
2022-12-26,S1YF34,BRS1YFBDR002,S1YF,17,"189,3",1,"3218,1"
2022-12-26,S2EA34,BRS2EABDR003,S2EA,8847,"11,0761048",1,"97990,3"
2022-12-26,S2HO34,BRS2HOBDR007,S2HO,195828,"1,7142913",1,"335706,25"
2022-12-26,S2TO34,BRS2TOBDR002,S2TO,199,"41,51",1,"8260,49"
2022-12-26,S2UI34,BRS2UIBDR002,S2UI,86,"36,35",1,"3126,1"
2022-12-26,SANB11,BRSANBCDAM13,SANB,27269741,"27,0671323",1,"738113689,92"
2022-12-26,SANB3,BRSANBACNOR8,SANB,1574894,"12,2157081",1,"19238445,42"
2022-12-26,SANB4,BRSANBACNPR5,SANB,1645157,"13,7664966",1,"22648048,27"
2022-12-26,SAPR11,BRSAPRCDAM13,SAPR,13054382,"17,6872039",1,"230895516,99"
2022-12-26,SAPR3,BRSAPRACNOR9,SAPR,360403,"3,1742038",1,"1143992,58"
2022-12-26,SAPR4,BRSAPRACNPR6,SAPR,1270152,"3,6762533",1,"4669400,5"
2022-12-26,SBFG3,BRSBFGACNOR1,SBFG,5107017,"12,3660728",1,"63153744,44"
2022-12-26,SBSP3,BRSBSPACNOR5,SBSP,9518399,"56,018062",1,"533202266,25"
2022-12-26,SBUB34,BRSBUBBDR005,SBUB,95,"508,1",1,"48269,5"
2022-12-26,SCAR3,BRSCARACNOR7,SCAR,2409,"20,2950394",1,"48890,75"
2022-12-26,SCVB11,BRSCVBCTF000,SCVB,2475,"83,7590868",1,"207303,74"
2022-12-26,SDIL11,BRSDILCTF004,SDIL,208,"95,05",1,"19770,4"
2022-12-26,SEER3,BRSEERACNOR5,SEER,2821345,"4,9867031",1,"14069209,92"
2022-12-26,SEQL3,BRSEQLACNOR2,SEQL,6941204,"3,3381228",1,"23170591,53"
2022-12-26,SGPS3,BRSGPSACNOR4,SGPS,92037,"1,7617344",1,"162144,75"
2022-12-26,SHOT11,BRSHOTCTF006,SHOT,19,"17,5642105",1,"333,72"
2022-12-26,SHOW3,BRSHOWACNOR7,SHOW,571007,"2,2992973",1,"1312914,89"
2022-12-26,SHUL4,BRSHULACNPR4,SHUL,255588,"4,5850906",1,"1171894,15"
2022-12-26,SIMH3,BRSIMHACNOR0,SIMH,15759031,"6,7044334",1,"105655374,02"
2022-12-26,SIMN34,BRSIMNBDR002,SIMN,3,"153,07",1,"459,21"
2022-12-26,SLBG34,BRSLBGBDR003,SLBG,94,"135,137234",1,"12702,9"
2022-12-26,SLCE3,BRSLCEACNOR2,SLCE,5231701,"44,4751742",1,"232680813,82"
2022-12-26,SLED3,BRSLEDACNOR0,SLED,65,"8,112923",1,"527,34"
2022-12-26,SLED4,BRSLEDACNPR7,SLED,3271,"2,8776551",1,"9412,81"
2022-12-26,SMAB11,BRSMABCTF003,SMAB,20443,"7,2051743",1,"147295,38"
2022-12-26,SMAC11,BRSMACCTF001,SMAC,636296,"50,2865885",1,"31997155,12"
2022-12-26,SMAL11,BRSMALCTF002,SMAL,3665168,"93,9086252",1,"344190888,02"
2022-12-26,SMFT3,BRSMFTACNOR1,SMFT,12524644,"13,9436113",1,"174638768,13"
2022-12-26,SMTO3,BRSMTOACNOR3,SMTO,4546660,"25,5367882",1,"116107093,59"
2022-12-26,SNFF11,BRSNFFCTF001,SNFF,10,"86,097",1,"860,97"
2022-12-26,SNSY3,BRSNSYACNOR2,SNSY,23,"5,35",1,"123,05"
2022-12-26,SNSY5,BRSNSYACNPA5,SNSY,55,"2,99",1,"164,45"
2022-12-26,SOJA3,BRSOJAACNOR9,SOJA,1644574,"10,1840762",1,"16748467,02"
2022-12-26,SOMA3,BRSOMAACNOR3,SOMA,26503619,"10,3718861",1,"274892518,66"
2022-12-26,SPXB11,BRSPXBCTF008,SPXB,28686,"8,9566596",1,"256930,74"
2022-12-26,SPXI11,BRSPXICTF003,SPXI,163028,"224,1900959",1,"36549262,96"
2022-12-26,SQIA3,BRSQIAACNOR6,SQIA,5889974,"15,4269934",1,"90864590,1"
2022-12-26,SSFO34,BRSSFOBDR003,SSFO,12,"30,8958333",1,"370,75"
2022-12-26,STBP3,BRSTBPACNOR3,STBP,10799257,"7,3822348",1,"79722651,85"
2022-12-26,STOC31,BRSTOCBDR008,STOC,83207,"55,9458139",1,"4655083,34"
2022-12-26,STZB34,BRSTZBBDR006,STZB,67,"325,9510447",1,"21838,72"
2022-12-26,SULA11,BRSULACDAM12,SULA,9415194,"20,5508173",1,"193489932,13"
2022-12-26,SULA3,BRSULAACNOR2,SULA,89,"6,9206741",1,"615,94"
2022-12-26,SULA4,BRSULAACNPR9,SULA,349,"7,1375071",1,"2490,99"
2022-12-26,SUZB3,BRSUZBACNOR0,SUZB,28063619,"50,8862401",1,"1428052056,54"
2022-12-26,SYNE3,BRSYNEACNOR2,SYNE,1005728,"4,1625468",1,"4186389,92"
2022-12-26,T1AL34,BRT1ALBDR009,T1AL,178,"3,9958988",1,"711,27"
2022-12-26,T1SC34,BRT1SCBDR000,T1SC,4,"63,84",1,"255,36"
2022-12-26,T1SS34,BRT1SSBDR006,T1SS,113,"88,5149557",1,"10002,19"
2022-12-26,T1WL34,BRT1WLBDR003,T1WL,4007,"9,6930846",1,"38840,19"
2022-12-26,T2DH34,BRT2DHBDR009,T2DH,1461,"4,06",1,"5931,66"
2022-12-26,TAEE11,BRTAEECDAM10,TAEE,21572897,"34,5465984",1,"745270211,03"
2022-12-26,TAEE3,BRTAEEACNOR9,TAEE,94524,"11,2641429",1,"1064731,85"
2022-12-26,TAEE4,BRTAEEACNPR6,TAEE,286898,"11,4034447",1,"3271625,49"
2022-12-26,TAKP34,BRTAKPBDR006,TAKP,29,"77,5972413",1,"2250,32"
2022-12-26,TASA3,BRTASAACNOR7,TASA,32586,"13,2793",1,"432719,27"
2022-12-26,TASA4,BRTASAACNPR4,TASA,3531145,"13,5473959",1,"47837819,3"
2022-12-26,TCNO3,BRTCNOACNOR5,TCNO,2922,"1,2",1,"3506,4"
2022-12-26,TCNO4,BRTCNOACNPR2,TCNO,1848,"0,88",1,"1626,24"
2022-12-26,TCSA3,BRTCSAACNOR3,TCSA,2396379,"2,819754",1,"6757199,28"
2022-12-26,TECB11,BRTECBCTF004,TECB,21835,"3,6316107",1,"79296,22"
2022-12-26,TECK11,BRTECKCTF005,TECK,494,"33,0459109",1,"16324,68"
2022-12-26,TECN3,BRTECNACNOR6,TECN,775077,"2,1508713",1,"1667090,93"
2022-12-26,TEKA4,BRTEKAACNPR3,TEKA,601,"24,1184692",1,"14495,2"
2022-12-26,TELB3,BRTELBACNOR2,TELB,200,"17,41",1,"3482"
2022-12-26,TELB4,BRTELBACNPR9,TELB,5296,"9,5095071",1,"50362,35"
2022-12-26,TEND3,BRTENDACNOR4,TEND,9201743,"4,3628694",1,"40146003,35"
2022-12-26,TEXA34,BRTEXABDR003,TEXA,277,"59,0854512",1,"16366,67"
2022-12-26,TFCO4,BRTFCOACNPR8,TFCO,496861,"10,251627",1,"5093633,65"
2022-12-26,TGAR11,BRTGARCTF009,TGAR,10931,"116,8905745",1,"1277730,87"
2022-12-26,TGMA3,BRTGMAACNOR7,TGMA,463761,"20,2463309",1,"9389458,67"
2022-12-26,TGTB34,BRTGTBBDR004,TGTB,30,"753,0563333",1,"22591,69"
2022-12-26,TIMS3,BRTIMSACNOR5,TIMS,33218122,"12,5693889",1,"417531494,24"
2022-12-26,TLNC34,BRTLNCBDR005,TLNC,427,"18,41",1,"7861,07"
2022-12-26,TMOS34,BRTMOSBDR007,TMOS,341,"58,12",1,"19818,92"
2022-12-26,TORD11,BRTORDCTF015,TORD,2623,"7,2340602",1,"18974,94"
2022-12-26,TOTS3,BRTOTSACNOR8,TOTS,25439627,"27,4526536",1,"698385268,02"
2022-12-26,TPIS3,BRTPISACNOR8,TPIS,1858249,"1,1196536",1,"2080595,25"
2022-12-26,TPRY34,BRTPRYBDR001,TPRY,1,"201,63",1,"201,63"
2022-12-26,TRAD3,BRTRADACNOR3,TRAD,6821026,"2,1399547",1,"14596687,32"
2022-12-26,TRIG11,BRTRIGCTF010,TRIG,432,"32,2634722",1,"13937,82"
2022-12-26,TRIS3,BRTRISACNOR4,TRIS,9076535,"3,5292424",1,"32033292,27"
2022-12-26,TRPL3,BRTRPLACNOR4,TRPL,1110,"29,6718018",1,"32935,7"
2022-12-26,TRPL4,BRTRPLACNPR1,TRPL,40281959,"22,6322946",1,"911673163,52"
2022-12-26,TRVC34,BRTRVCBDR005,TRVC,55,"30,23",1,"1662,65"
2022-12-26,TRXF11,BRTRXFCTF003,TRXF,6286,"104,0320505",1,"653945,47"
2022-12-26,TSLA34,BRTSLABDR008,TSLA,1573192,"24,4824373",1,"38515574,62"
2022-12-26,TSMC34,BRTSMCBDR002,TSMC,459,"49,7471895",1,"22833,96"
2022-12-26,TTEN3,BRTTENACNOR0,TTEN,2174414,"10,6852818",1,"23234226,49"
2022-12-26,TUPY3,BRTUPYACNOR1,TUPY,5787360,"27,5601048",1,"159500248,31"
2022-12-26,TXRX4,BRTXRXACNPR0,TXRX,43,"3,208372",1,"137,96"
2022-12-26,TXSA34,BRTXSABDR003,TXSA,183,"159,68",1,"29221,44"
2022-12-26,U1BE34,BRU1BEBDR009,U1BE,2662,"33,1813072",1,"88328,64"
2022-12-26,U2ST34,BRU2STBDR009,U2ST,2,"8,91",1,"17,82"
2022-12-26,UCAS3,BRUCASACNOR1,UCAS,24410,"2,5230655",1,"61588,03"
2022-12-26,UGPA3,BRUGPAACNOR8,UGPA,85532931,"12,8843943",1,"1102040015,61"
2022-12-26,UNHH34,BRUNHHBDR000,UNHH,8965,"40,4580468",1,"362706,39"
2022-12-26,UNIP3,BRUNIPACNOR7,UNIP,14851,"80,6356871",1,"1197520,59"
2022-12-26,UNIP5,BRUNIPACNPA0,UNIP,1687,"95,1748429",1,"160559,96"
2022-12-26,UNIP6,BRUNIPACNPB8,UNIP,2238623,"93,2835009",1,"208826590,81"
2022-12-26,URPR11,BRURPRCTF002,URPR,9129,"97,2692058",1,"887970,58"
2022-12-26,USAL11,BRUSALCTF005,USAL,327255,"8,2192422",1,"2689788,13"
2022-12-26,USIM3,BRUSIMACNOR3,USIM,2919880,"7,3949148",1,"21592263,94"
2022-12-26,USIM5,BRUSIMACNPA6,USIM,76156162,"7,3765631",1,"561770742,01"
2022-12-26,USTK11,BRUSTKCTF007,USTK,920582,"7,9806227",1,"7346817,62"
2022-12-26,UTEC11,BRUTECCTF004,UTEC,258899,"10,5937085",1,"2742700,55"
2022-12-26,V1IP34,BRV1IPBDR009,V1IP,18,"34,9288888",1,"628,72"
2022-12-26,VALE3,BRVALEACNOR0,VALE,275079683,"85,0534356",1,"23396472110,89"
2022-12-26,VAMO3,BRVAMOACNOR7,VAMO,8554296,"12,1510812",1,"103943945,7"
2022-12-26,VBBR3,BRVBBRACNOR1,VBBR,50957352,"15,2398524",1,"776582525,53"
2022-12-26,VERZ34,BRVERZBDR008,VERZ,52,"33,4330769",1,"1738,52"
2022-12-26,VGHF11,BRVGHFCTF005,VGHF,102277,"9,0490877",1,"925513,55"
2022-12-26,VGIP11,BRVGIPCTF002,VGIP,11290,"81,0691532",1,"915270,74"
2022-12-26,VGIR11,BRVGIRCTF008,VGIR,8596,"9,69",1,"83295,24"
2022-12-26,VIGT11,BRVIGTCTF004,VIGT,1171,"69,0826473",1,"80895,78"
2022-12-26,VIIA3,BRVIIAACNOR7,VIIA,201292964,"2,2467596",1,"452256900,46"
2022-12-26,VILG11,BRVILGCTF001,VILG,8962,"98,5615755",1,"883308,84"
2022-12-26,VINO11,BRVINOCTF001,VINO,1281,"46,5921389",1,"59684,53"
2022-12-26,VISA34,BRVISABDR000,VISA,57452,"55,0112464",1,"3160506,13"
2022-12-26,VISC11,BRVISCCTF005,VISC,7991,"104,2492203",1,"833055,52"
2022-12-26,VITT3,BRVITTACNOR4,VITT,152918,"12,6502956",1,"1934457,91"
2022-12-26,VIVA3,BRVIVAACNOR0,VIVA,4865529,"20,9283987",1,"101827730,88"
2022-12-26,VIVR3,BRVIVRACNOR4,VIVR,2894795,"0,45574",1,"1319273,97"
2022-12-26,VIVT3,BRVIVTACNOR0,VIVT,20995331,"37,9932884",1,"797681666,98"
2022-12-26,VLID3,BRVLIDACNOR5,VLID,387108,"9,3877838",1,"3634086,24"
2022-12-26,VLOE34,BRVLOEBDR005,VLOE,6,"318,41",1,"1910,46"
2022-12-26,VRSN34,BRVRSNBDR004,VRSN,7,"255,8057142",1,"1790,64"
2022-12-26,VRTA11,BRVRTACTF008,VRTA,15348,"90,5154586",1,"1389231,26"
2022-12-26,VRTX34,BRVRTXBDR001,VRTX,1,"376,2",1,"376,2"
2022-12-26,VSLH11,BRVSLHCTF008,VSLH,29847,"8,9993423",1,"268603,37"
2022-12-26,VULC3,BRVULCACNOR2,VULC,2071233,"12,1368864",1,"25138319,66"
2022-12-26,VVEO3,BRVVEOACNOR0,VVEO,1727558,"16,1207457",1,"27849523,21"
2022-12-26,W1EL34,BRW1ELBDR006,W1EL,27,"177,4388888",1,"4790,85"
2022-12-26,W1HR34,BRW1HRBDR006,W1HR,10,"198,475",1,"1984,75"
2022-12-26,W1MB34,BRW1MBBDR000,W1MB,8,"178,06",1,"1424,48"
2022-12-26,W1MC34,BRW1MCBDR008,W1MC,17,"413,38",1,"7027,46"
2022-12-26,WALM34,BRWALMBDR005,WALM,9214,"47,7150976",1,"439646,91"
2022-12-26,WEB311,BRWEB3CTF005,WEB3,10,"10,52",1,"105,2"
2022-12-26,WEGE3,BRWEGEACNOR0,WEGE,51240181,"37,6452103",1,"1928947391,76"
2022-12-26,WEST3,BRWESTACNOR3,WEST,2935126,"0,9670598",1,"2838442,46"
2022-12-26,WFCO34,BRWFCOBDR009,WFCO,892,"52,335056",1,"46682,87"
2022-12-26,WHRL4,BRWHRLACNPR2,WHRL,10287,"5,1444794",1,"52921,26"
2022-12-26,WIZS3,BRWIZSACNOR1,WIZS,2462422,"7,4032924",1,"18230030,26"
2022-12-26,WLMM3,BRWLMMACNOR6,WLMM,3,"21,5",1,"64,5"
2022-12-26,WLMM4,BRWLMMACNPR3,WLMM,38,"22,6531578",1,"860,82"
2022-12-26,WRLD11,BRWRLDCTF007,WRLD,46962,"78,620041",1,"3692154,37"
2022-12-26,WUNI34,BRWUNIBDR007,WUNI,2,"72,555",1,"145,11"
2022-12-26,XBOV11,BRXBOVCTF005,XBOV,241,"103,1827385",1,"24867,04"
2022-12-26,XFIX11,BRXFIXCTF004,XFIX,16393,"10,0229555",1,"164306,31"
2022-12-26,XINA11,BRXINACTF006,XINA,2204448,"6,2354051",1,"13745626,34"
2022-12-26,XMAL11,BRXMALCTF002,XMAL,10556,"6,5622859",1,"69271,49"
2022-12-26,XPBR31,BRXPBRBDR001,XPBR,3436940,"80,4859433",1,"276625358,13"
2022-12-26,XPCI11,BRXPCICTF007,XPCI,43236,"85,0793133",1,"3678489,19"
2022-12-26,XPCM11,BRXPCMCTF009,XPCM,1,"15,05",1,"15,05"
2022-12-26,XPIN11,BRXPINCTF004,XPIN,56,"73,9496428",1,"4141,18"
2022-12-26,XPLG11,BRXPLGCTF002,XPLG,64183,"99,9664936",1,"6416149,46"
2022-12-26,XPML11,BRXPMLCTF000,XPML,176070,"100,6634656",1,"17723816,39"
2022-12-26,XPPR11,BRXPPRCTF000,XPPR,9123,"34,7352318",1,"316889,52"
2022-12-26,YDRO11,BRYDROCTF007,YDRO,3,"43,34",1,"130,02"
2022-12-26,YDUQ3,BRYDUQACNOR3,YDUQ,26541776,"11,1208631",1,"295167457,94"
2022-12-26,Z1OM34,BRZ1OMBDR000,Z1OM,3219,"14,8856943",1,"47917,05"
2022-12-26,Z1TS34,BRZ1TSBDR006,Z1TS,3500,"50,74",1,"177590"
2022-12-26,ZAMP3,BRZAMPACNOR5,ZAMP,3981840,"5,4971805",1,"21888893,21"

